#compiler;opt;program;seed;length;work;energy(J);time(s)
clang++;-O2;bitset;0;512;g;4.75;0.121022431
clang++;-O2;bitset;1;512;g;5.27;0.116644016
clang++;-O2;bitset;2;512;g;6.11;0.121009948
clang++;-O2;bitset;3;512;g;5.97;0.121560728
clang++;-O2;bitset;4;512;g;6.40;0.124444468
clang++;-O2;bitset;5;512;g;5.90;0.121972167
clang++;-O2;bitset;6;512;g;6.04;0.121854086
clang++;-O2;bitset;7;512;g;5.60;0.117676947
clang++;-O2;bitset;8;512;g;6.16;0.126191765
clang++;-O2;bitset;9;512;g;6.19;0.127588185
clang++;-O2;bitset;0;512;h;1.02;0.021556268
clang++;-O2;bitset;1;512;h;1.01;0.021900040
clang++;-O2;bitset;2;512;h;1.23;0.021891093
clang++;-O2;bitset;3;512;h;1.15;0.022526662
clang++;-O2;bitset;4;512;h;1.13;0.022566727
clang++;-O2;bitset;5;512;h;1.14;0.021993375
clang++;-O2;bitset;6;512;h;1.10;0.021927431
clang++;-O2;bitset;7;512;h;0.98;0.022422537
clang++;-O2;bitset;8;512;h;0.98;0.022031005
clang++;-O2;bitset;9;512;h;0.94;0.021367725
clang++;-O2;bitset;0;512;i;0.80;0.018449309
clang++;-O2;bitset;1;512;i;0.84;0.019134109
clang++;-O2;bitset;2;512;i;0.80;0.017976165
clang++;-O2;bitset;3;512;i;1.11;0.022016348
clang++;-O2;bitset;4;512;i;0.83;0.018191838
clang++;-O2;bitset;5;512;i;0.87;0.018231212
clang++;-O2;bitset;6;512;i;0.79;0.018123671
clang++;-O2;bitset;7;512;i;0.85;0.018130954
clang++;-O2;bitset;8;512;i;0.79;0.018086982
clang++;-O2;bitset;9;512;i;0.82;0.018072946
clang++;-O2;bitset;0;1024;g;5.41;0.125300990
clang++;-O2;bitset;1;1024;g;5.60;0.125961945
clang++;-O2;bitset;2;1024;g;6.33;0.118999760
clang++;-O2;bitset;3;1024;g;5.62;0.122417690
clang++;-O2;bitset;4;1024;g;6.45;0.130982861
clang++;-O2;bitset;5;1024;g;6.01;0.126464635
clang++;-O2;bitset;6;1024;g;6.68;0.131706805
clang++;-O2;bitset;7;1024;g;5.81;0.123382042
clang++;-O2;bitset;8;1024;g;6.19;0.125171176
clang++;-O2;bitset;9;1024;g;6.11;0.131631654
clang++;-O2;bitset;0;1024;h;1.49;0.029967051
clang++;-O2;bitset;1;1024;h;1.76;0.031011984
clang++;-O2;bitset;2;1024;h;1.63;0.031571220
clang++;-O2;bitset;3;1024;h;1.58;0.031366888
clang++;-O2;bitset;4;1024;h;1.70;0.032187852
clang++;-O2;bitset;5;1024;h;1.35;0.030509735
clang++;-O2;bitset;6;1024;h;1.36;0.030566181
clang++;-O2;bitset;7;1024;h;1.34;0.030189397
clang++;-O2;bitset;8;1024;h;1.50;0.031929499
clang++;-O2;bitset;9;1024;h;1.36;0.030989583
clang++;-O2;bitset;0;1024;i;1.05;0.024370659
clang++;-O2;bitset;1;1024;i;1.05;0.023994977
clang++;-O2;bitset;2;1024;i;1.05;0.024776388
clang++;-O2;bitset;3;1024;i;1.11;0.023675880
clang++;-O2;bitset;4;1024;i;1.10;0.023501955
clang++;-O2;bitset;5;1024;i;1.03;0.023489692
clang++;-O2;bitset;6;1024;i;1.04;0.024459525
clang++;-O2;bitset;7;1024;i;1.06;0.024418960
clang++;-O2;bitset;8;1024;i;1.02;0.023704533
clang++;-O2;bitset;9;1024;i;1.05;0.024178369
clang++;-O2;bitset;0;2048;g;5.75;0.134719457
clang++;-O2;bitset;1;2048;g;5.80;0.133693177
clang++;-O2;bitset;2;2048;g;7.24;0.135572612
clang++;-O2;bitset;3;2048;g;5.96;0.136131366
clang++;-O2;bitset;4;2048;g;6.83;0.134130606
clang++;-O2;bitset;5;2048;g;5.87;0.132765403
clang++;-O2;bitset;6;2048;g;6.66;0.128760026
clang++;-O2;bitset;7;2048;g;5.92;0.132102544
clang++;-O2;bitset;8;2048;g;6.05;0.129401926
clang++;-O2;bitset;9;2048;g;7.10;0.134966748
clang++;-O2;bitset;0;2048;h;1.96;0.040232391
clang++;-O2;bitset;1;2048;h;1.80;0.039503869
clang++;-O2;bitset;2;2048;h;1.82;0.041696698
clang++;-O2;bitset;3;2048;h;2.23;0.040682682
clang++;-O2;bitset;4;2048;h;2.08;0.040756932
clang++;-O2;bitset;5;2048;h;1.84;0.040675068
clang++;-O2;bitset;6;2048;h;1.77;0.040241478
clang++;-O2;bitset;7;2048;h;1.78;0.040606390
clang++;-O2;bitset;8;2048;h;1.89;0.040391318
clang++;-O2;bitset;9;2048;h;1.88;0.040290028
clang++;-O2;bitset;0;2048;i;1.34;0.030147618
clang++;-O2;bitset;1;2048;i;1.33;0.030500087
clang++;-O2;bitset;2;2048;i;1.30;0.029408307
clang++;-O2;bitset;3;2048;i;1.32;0.030004551
clang++;-O2;bitset;4;2048;i;1.32;0.029477385
clang++;-O2;bitset;5;2048;i;1.32;0.030161755
clang++;-O2;bitset;6;2048;i;1.37;0.030854800
clang++;-O2;bitset;7;2048;i;1.28;0.029884116
clang++;-O2;bitset;8;2048;i;1.32;0.029916346
clang++;-O2;bitset;9;2048;i;1.47;0.029923098
clang++;-O2;bvector;0;512;g;5.24;0.135532587
clang++;-O2;bvector;1;512;g;5.41;0.126527592
clang++;-O2;bvector;2;512;g;6.42;0.128330242
clang++;-O2;bvector;3;512;g;6.65;0.136175007
clang++;-O2;bvector;4;512;g;6.65;0.129982551
clang++;-O2;bvector;5;512;g;5.93;0.122360262
clang++;-O2;bvector;6;512;g;6.36;0.130042944
clang++;-O2;bvector;7;512;g;5.95;0.126582816
clang++;-O2;bvector;8;512;g;6.72;0.133714909
clang++;-O2;bvector;9;512;g;6.02;0.132138982
clang++;-O2;bvector;0;512;h;1.50;0.032159450
clang++;-O2;bvector;1;512;h;1.69;0.032613658
clang++;-O2;bvector;2;512;h;1.64;0.032107572
clang++;-O2;bvector;3;512;h;1.64;0.032651079
clang++;-O2;bvector;4;512;h;1.66;0.032075964
clang++;-O2;bvector;5;512;h;1.42;0.032287970
clang++;-O2;bvector;6;512;h;1.47;0.033241475
clang++;-O2;bvector;7;512;h;1.44;0.032452000
clang++;-O2;bvector;8;512;h;1.44;0.032542429
clang++;-O2;bvector;9;512;h;1.48;0.032137282
clang++;-O2;bvector;0;512;i;1.52;0.031190521
clang++;-O2;bvector;1;512;i;1.47;0.031852539
clang++;-O2;bvector;2;512;i;1.44;0.031433496
clang++;-O2;bvector;3;512;i;1.45;0.031516902
clang++;-O2;bvector;4;512;i;1.39;0.031486936
clang++;-O2;bvector;5;512;i;1.39;0.031664407
clang++;-O2;bvector;6;512;i;1.43;0.031613673
clang++;-O2;bvector;7;512;i;1.39;0.031353106
clang++;-O2;bvector;8;512;i;1.43;0.031637788
clang++;-O2;bvector;9;512;i;1.38;0.030860735
clang++;-O2;bvector;0;1024;g;6.16;0.137299718
clang++;-O2;bvector;1;1024;g;5.89;0.135042707
clang++;-O2;bvector;2;1024;g;6.88;0.140887537
clang++;-O2;bvector;3;1024;g;6.15;0.132371754
clang++;-O2;bvector;4;1024;g;7.35;0.141026937
clang++;-O2;bvector;5;1024;g;5.84;0.135894801
clang++;-O2;bvector;6;1024;g;6.89;0.135061934
clang++;-O2;bvector;7;1024;g;5.86;0.134615890
clang++;-O2;bvector;8;1024;g;7.25;0.138794914
clang++;-O2;bvector;9;1024;g;5.98;0.140643681
clang++;-O2;bvector;0;1024;h;2.31;0.043104668
clang++;-O2;bvector;1;1024;h;2.13;0.042883555
clang++;-O2;bvector;2;1024;h;2.24;0.042507413
clang++;-O2;bvector;3;1024;h;1.89;0.042166023
clang++;-O2;bvector;4;1024;h;2.02;0.042591399
clang++;-O2;bvector;5;1024;h;1.85;0.042606898
clang++;-O2;bvector;6;1024;h;1.86;0.042313480
clang++;-O2;bvector;7;1024;h;1.91;0.042448462
clang++;-O2;bvector;8;1024;h;1.93;0.042408687
clang++;-O2;bvector;9;1024;h;1.91;0.041643406
clang++;-O2;bvector;0;1024;i;1.72;0.039088729
clang++;-O2;bvector;1;1024;i;1.73;0.039090403
clang++;-O2;bvector;2;1024;i;1.73;0.039052572
clang++;-O2;bvector;3;1024;i;1.73;0.039079713
clang++;-O2;bvector;4;1024;i;1.98;0.039225665
clang++;-O2;bvector;5;1024;i;1.73;0.038394852
clang++;-O2;bvector;6;1024;i;1.76;0.038354016
clang++;-O2;bvector;7;1024;i;1.71;0.039197233
clang++;-O2;bvector;8;1024;i;1.74;0.039104029
clang++;-O2;bvector;9;1024;i;1.72;0.039145576
clang++;-O2;bvector;0;2048;g;6.02;0.137505833
clang++;-O2;bvector;1;2048;g;6.10;0.138093071
clang++;-O2;bvector;2;2048;g;7.17;0.140350362
clang++;-O2;bvector;3;2048;g;5.90;0.133714053
clang++;-O2;bvector;4;2048;g;7.05;0.144515932
clang++;-O2;bvector;5;2048;g;6.65;0.138718371
clang++;-O2;bvector;6;2048;g;7.40;0.144966063
clang++;-O2;bvector;7;2048;g;7.43;0.157190932
clang++;-O2;bvector;8;2048;g;7.59;0.146117757
clang++;-O2;bvector;9;2048;g;6.28;0.146555816
clang++;-O2;bvector;0;2048;h;2.84;0.054211366
clang++;-O2;bvector;1;2048;h;2.75;0.053855701
clang++;-O2;bvector;2;2048;h;2.56;0.053316112
clang++;-O2;bvector;3;2048;h;2.32;0.052862394
clang++;-O2;bvector;4;2048;h;2.43;0.052701864
clang++;-O2;bvector;5;2048;h;2.35;0.052301145
clang++;-O2;bvector;6;2048;h;2.37;0.053589894
clang++;-O2;bvector;7;2048;h;2.33;0.053322594
clang++;-O2;bvector;8;2048;h;2.39;0.053517299
clang++;-O2;bvector;9;2048;h;2.38;0.053559227
clang++;-O2;bvector;0;2048;i;2.09;0.046399279
clang++;-O2;bvector;1;2048;i;2.12;0.047941663
clang++;-O2;bvector;2;2048;i;2.12;0.046547416
clang++;-O2;bvector;3;2048;i;2.12;0.045872073
clang++;-O2;bvector;4;2048;i;2.09;0.046983030
clang++;-O2;bvector;5;2048;i;2.03;0.046095341
clang++;-O2;bvector;6;2048;i;2.04;0.046378290
clang++;-O2;bvector;7;2048;i;2.08;0.046554289
clang++;-O2;bvector;8;2048;i;2.03;0.046445416
clang++;-O2;bvector;9;2048;i;2.07;0.046453421
clang++;-O2;cvector;0;512;g;4.17;0.106341111
clang++;-O2;cvector;1;512;g;4.60;0.102630533
clang++;-O2;cvector;2;512;g;5.43;0.110338555
clang++;-O2;cvector;3;512;g;5.54;0.104548178
clang++;-O2;cvector;4;512;g;5.52;0.111816298
clang++;-O2;cvector;5;512;g;5.24;0.099725040
clang++;-O2;cvector;6;512;g;5.09;0.099131019
clang++;-O2;cvector;7;512;g;5.19;0.106114186
clang++;-O2;cvector;8;512;g;4.60;0.103086956
clang++;-O2;cvector;9;512;g;5.30;0.107601898
clang++;-O2;cvector;0;512;h;0.56;0.010598879
clang++;-O2;cvector;1;512;h;0.57;0.010474325
clang++;-O2;cvector;2;512;h;0.54;0.010523347
clang++;-O2;cvector;3;512;h;0.47;0.010248684
clang++;-O2;cvector;4;512;h;0.52;0.010361825
clang++;-O2;cvector;5;512;h;0.54;0.010371863
clang++;-O2;cvector;6;512;h;0.50;0.010257620
clang++;-O2;cvector;7;512;h;0.49;0.010261427
clang++;-O2;cvector;8;512;h;0.49;0.010008615
clang++;-O2;cvector;9;512;h;0.51;0.010113681
clang++;-O2;cvector;0;512;i;0.45;0.009604309
clang++;-O2;cvector;1;512;i;0.47;0.009599690
clang++;-O2;cvector;2;512;i;0.48;0.009848305
clang++;-O2;cvector;3;512;i;0.55;0.009478132
clang++;-O2;cvector;4;512;i;0.49;0.009367445
clang++;-O2;cvector;5;512;i;0.47;0.009185095
clang++;-O2;cvector;6;512;i;0.52;0.009686813
clang++;-O2;cvector;7;512;i;0.40;0.009641438
clang++;-O2;cvector;8;512;i;0.45;0.009414093
clang++;-O2;cvector;9;512;i;0.44;0.009644584
clang++;-O2;cvector;0;1024;g;4.50;0.107558477
clang++;-O2;cvector;1;1024;g;4.96;0.115966228
clang++;-O2;cvector;2;1024;g;5.17;0.098383411
clang++;-O2;cvector;3;1024;g;5.58;0.104734617
clang++;-O2;cvector;4;1024;g;4.98;0.102454603
clang++;-O2;cvector;5;1024;g;4.58;0.098955000
clang++;-O2;cvector;6;1024;g;5.16;0.100313430
clang++;-O2;cvector;7;1024;g;5.09;0.101707597
clang++;-O2;cvector;8;1024;g;4.67;0.108145595
clang++;-O2;cvector;9;1024;g;5.61;0.109101873
clang++;-O2;cvector;0;1024;h;0.71;0.013356564
clang++;-O2;cvector;1;1024;h;0.70;0.013225599
clang++;-O2;cvector;2;1024;h;0.72;0.013861850
clang++;-O2;cvector;3;1024;h;0.69;0.013277887
clang++;-O2;cvector;4;1024;h;0.68;0.013248823
clang++;-O2;cvector;5;1024;h;0.68;0.013402611
clang++;-O2;cvector;6;1024;h;0.60;0.013154277
clang++;-O2;cvector;7;1024;h;0.66;0.013174865
clang++;-O2;cvector;8;1024;h;0.69;0.013406478
clang++;-O2;cvector;9;1024;h;0.75;0.013391279
clang++;-O2;cvector;0;1024;i;0.60;0.011129771
clang++;-O2;cvector;1;1024;i;0.61;0.011176879
clang++;-O2;cvector;2;1024;i;0.53;0.010940698
clang++;-O2;cvector;3;1024;i;0.49;0.010929857
clang++;-O2;cvector;4;1024;i;0.51;0.010767935
clang++;-O2;cvector;5;1024;i;0.53;0.011025306
clang++;-O2;cvector;6;1024;i;0.53;0.011011910
clang++;-O2;cvector;7;1024;i;0.50;0.010618655
clang++;-O2;cvector;8;1024;i;0.49;0.010952179
clang++;-O2;cvector;9;1024;i;0.53;0.011078094
clang++;-O2;cvector;0;2048;g;4.75;0.109890087
clang++;-O2;cvector;1;2048;g;4.47;0.102295416
clang++;-O2;cvector;2;2048;g;4.52;0.102790150
clang++;-O2;cvector;3;2048;g;5.72;0.106859280
clang++;-O2;cvector;4;2048;g;4.80;0.094486765
clang++;-O2;cvector;5;2048;g;5.18;0.107163719
clang++;-O2;cvector;6;2048;g;5.41;0.106808915
clang++;-O2;cvector;7;2048;g;5.49;0.106213672
clang++;-O2;cvector;8;2048;g;4.74;0.109820436
clang++;-O2;cvector;9;2048;g;5.24;0.104840916
clang++;-O2;cvector;0;2048;h;0.94;0.016868081
clang++;-O2;cvector;1;2048;h;0.87;0.016815202
clang++;-O2;cvector;2;2048;h;0.81;0.016954322
clang++;-O2;cvector;3;2048;h;0.74;0.016647127
clang++;-O2;cvector;4;2048;h;0.80;0.016843444
clang++;-O2;cvector;5;2048;h;0.82;0.017735533
clang++;-O2;cvector;6;2048;h;1.07;0.019030163
clang++;-O2;cvector;7;2048;h;1.09;0.017209419
clang++;-O2;cvector;8;2048;h;0.98;0.017795494
clang++;-O2;cvector;9;2048;h;0.88;0.017320005
clang++;-O2;cvector;0;2048;i;0.63;0.012820793
clang++;-O2;cvector;1;2048;i;0.63;0.012800936
clang++;-O2;cvector;2;2048;i;0.71;0.012551690
clang++;-O2;cvector;3;2048;i;0.63;0.012508819
clang++;-O2;cvector;4;2048;i;0.63;0.012452604
clang++;-O2;cvector;5;2048;i;0.67;0.012499062
clang++;-O2;cvector;6;2048;i;0.55;0.012325056
clang++;-O2;cvector;7;2048;i;0.54;0.012823468
clang++;-O2;cvector;8;2048;i;0.66;0.013526021
clang++;-O2;cvector;9;2048;i;0.61;0.012611972
clang++;-O2;string;0;512;g;4.03;0.105039006
clang++;-O2;string;1;512;g;4.23;0.096569359
clang++;-O2;string;2;512;g;5.06;0.103650650
clang++;-O2;string;3;512;g;5.20;0.096574709
clang++;-O2;string;4;512;g;5.28;0.098499117
clang++;-O2;string;5;512;g;4.84;0.096972061
clang++;-O2;string;6;512;g;4.80;0.100045789
clang++;-O2;string;7;512;g;4.71;0.093736822
clang++;-O2;string;8;512;g;4.80;0.091171636
clang++;-O2;string;9;512;g;5.43;0.110482494
clang++;-O2;string;0;512;h;0.38;0.007197849
clang++;-O2;string;1;512;h;0.44;0.007143267
clang++;-O2;string;2;512;h;0.38;0.006964402
clang++;-O2;string;3;512;h;0.33;0.006813651
clang++;-O2;string;4;512;h;0.37;0.006888992
clang++;-O2;string;5;512;h;0.39;0.006753658
clang++;-O2;string;6;512;h;0.35;0.006812699
clang++;-O2;string;7;512;h;0.34;0.006909379
clang++;-O2;string;8;512;h;0.34;0.006910321
clang++;-O2;string;9;512;h;0.34;0.006748860
clang++;-O2;string;0;512;i;0.29;0.006347379
clang++;-O2;string;1;512;i;0.28;0.006134500
clang++;-O2;string;2;512;i;0.34;0.006253192
clang++;-O2;string;3;512;i;0.29;0.006132146
clang++;-O2;string;4;512;i;0.27;0.006049561
clang++;-O2;string;5;512;i;0.34;0.006336929
clang++;-O2;string;6;512;i;0.28;0.006086931
clang++;-O2;string;7;512;i;0.32;0.006367917
clang++;-O2;string;8;512;i;0.31;0.006238264
clang++;-O2;string;9;512;i;0.38;0.007695850
clang++;-O2;string;0;1024;g;4.58;0.094840717
clang++;-O2;string;1;1024;g;4.01;0.089802236
clang++;-O2;string;2;1024;g;4.68;0.096756489
clang++;-O2;string;3;1024;g;4.85;0.093317729
clang++;-O2;string;4;1024;g;4.78;0.096490441
clang++;-O2;string;5;1024;g;5.15;0.099592101
clang++;-O2;string;6;1024;g;5.01;0.098197744
clang++;-O2;string;7;1024;g;5.07;0.102793006
clang++;-O2;string;8;1024;g;4.39;0.097711054
clang++;-O2;string;9;1024;g;4.65;0.091793670
clang++;-O2;string;0;1024;h;0.56;0.010460760
clang++;-O2;string;1;1024;h;0.55;0.010748317
clang++;-O2;string;2;1024;h;0.54;0.010410957
clang++;-O2;string;3;1024;h;0.55;0.010311281
clang++;-O2;string;4;1024;h;0.60;0.010750101
clang++;-O2;string;5;1024;h;0.44;0.010455781
clang++;-O2;string;6;1024;h;0.45;0.010101257
clang++;-O2;string;7;1024;h;0.49;0.010129150
clang++;-O2;string;8;1024;h;0.47;0.010134309
clang++;-O2;string;9;1024;h;0.44;0.010227164
clang++;-O2;string;0;1024;i;0.32;0.007660233
clang++;-O2;string;1;1024;i;0.41;0.008822136
clang++;-O2;string;2;1024;i;0.38;0.007879313
clang++;-O2;string;3;1024;i;0.33;0.007837956
clang++;-O2;string;4;1024;i;0.39;0.007777142
clang++;-O2;string;5;1024;i;0.38;0.007902957
clang++;-O2;string;6;1024;i;0.39;0.007849768
clang++;-O2;string;7;1024;i;0.31;0.007850359
clang++;-O2;string;8;1024;i;0.46;0.009427758
clang++;-O2;string;9;1024;i;0.45;0.007986142
clang++;-O2;string;0;2048;g;4.74;0.100771566
clang++;-O2;string;1;2048;g;4.58;0.102791694
clang++;-O2;string;2;2048;g;4.75;0.098726813
clang++;-O2;string;3;2048;g;5.49;0.107901619
clang++;-O2;string;4;2048;g;4.90;0.098709010
clang++;-O2;string;5;2048;g;4.70;0.098170833
clang++;-O2;string;6;2048;g;5.05;0.102174990
clang++;-O2;string;7;2048;g;4.95;0.097769193
clang++;-O2;string;8;2048;g;4.32;0.099633969
clang++;-O2;string;9;2048;g;5.19;0.103849431
clang++;-O2;string;0;2048;h;0.77;0.014929365
clang++;-O2;string;1;2048;h;0.88;0.014788702
clang++;-O2;string;2;2048;h;0.84;0.014735773
clang++;-O2;string;3;2048;h;0.81;0.014711979
clang++;-O2;string;4;2048;h;0.74;0.014656675
clang++;-O2;string;5;2048;h;0.80;0.014933353
clang++;-O2;string;6;2048;h;0.75;0.014587185
clang++;-O2;string;7;2048;h;0.86;0.015280041
clang++;-O2;string;8;2048;h;0.77;0.014784525
clang++;-O2;string;9;2048;h;0.75;0.015350964
clang++;-O2;string;0;2048;i;0.52;0.009707472
clang++;-O2;string;1;2048;i;0.52;0.010017250
clang++;-O2;string;2;2048;i;0.44;0.009989849
clang++;-O2;string;3;2048;i;0.46;0.009947009
clang++;-O2;string;4;2048;i;0.48;0.009841252
clang++;-O2;string;5;2048;i;0.45;0.009712460
clang++;-O2;string;6;2048;i;0.47;0.009806236
clang++;-O2;string;7;2048;i;0.49;0.009862512
clang++;-O2;string;8;2048;i;0.47;0.009824330
clang++;-O2;string;9;2048;i;0.47;0.009672857
clang++;-O3;bitset;0;512;g;4.30;0.113004079
clang++;-O3;bitset;1;512;g;4.80;0.113276179
clang++;-O3;bitset;2;512;g;5.70;0.107089020
clang++;-O3;bitset;3;512;g;5.27;0.099776826
clang++;-O3;bitset;4;512;g;5.22;0.108390593
clang++;-O3;bitset;5;512;g;5.12;0.108964025
clang++;-O3;bitset;6;512;g;5.07;0.097775344
clang++;-O3;bitset;7;512;g;5.36;0.108191530
clang++;-O3;bitset;8;512;g;4.67;0.108529543
clang++;-O3;bitset;9;512;g;5.88;0.116301515
clang++;-O3;bitset;0;512;h;0.57;0.011062325
clang++;-O3;bitset;1;512;h;0.36;0.007441304
clang++;-O3;bitset;2;512;h;0.41;0.007466361
clang++;-O3;bitset;3;512;h;0.42;0.007392262
clang++;-O3;bitset;4;512;h;0.41;0.007393315
clang++;-O3;bitset;5;512;h;0.36;0.007369741
clang++;-O3;bitset;6;512;h;0.34;0.007205293
clang++;-O3;bitset;7;512;h;0.34;0.007715788
clang++;-O3;bitset;8;512;h;0.35;0.007550879
clang++;-O3;bitset;9;512;h;0.37;0.006965985
clang++;-O3;bitset;0;512;i;0.40;0.007471280
clang++;-O3;bitset;1;512;i;0.33;0.006622533
clang++;-O3;bitset;2;512;i;0.33;0.006689167
clang++;-O3;bitset;3;512;i;0.35;0.006576057
clang++;-O3;bitset;4;512;i;0.34;0.006563733
clang++;-O3;bitset;5;512;i;0.35;0.006582108
clang++;-O3;bitset;6;512;i;0.37;0.006651077
clang++;-O3;bitset;7;512;i;0.39;0.006668979
clang++;-O3;bitset;8;512;i;0.33;0.006749491
clang++;-O3;bitset;9;512;i;0.38;0.006643172
clang++;-O3;bitset;0;1024;g;5.02;0.110212679
clang++;-O3;bitset;1;1024;g;4.62;0.104548289
clang++;-O3;bitset;2;1024;g;5.55;0.112775873
clang++;-O3;bitset;3;1024;g;6.05;0.118040918
clang++;-O3;bitset;4;1024;g;5.55;0.113232567
clang++;-O3;bitset;5;1024;g;4.95;0.112322084
clang++;-O3;bitset;6;1024;g;5.64;0.107696054
clang++;-O3;bitset;7;1024;g;5.36;0.112437630
clang++;-O3;bitset;8;1024;g;4.78;0.109164560
clang++;-O3;bitset;9;1024;g;5.46;0.101766287
clang++;-O3;bitset;0;1024;h;0.51;0.010587627
clang++;-O3;bitset;1;1024;h;0.57;0.010522716
clang++;-O3;bitset;2;1024;h;0.52;0.010221543
clang++;-O3;bitset;3;1024;h;0.51;0.010196195
clang++;-O3;bitset;4;1024;h;0.49;0.010317422
clang++;-O3;bitset;5;1024;h;0.47;0.010312834
clang++;-O3;bitset;6;1024;h;0.45;0.010237612
clang++;-O3;bitset;7;1024;h;0.50;0.010389477
clang++;-O3;bitset;8;1024;h;0.48;0.010168884
clang++;-O3;bitset;9;1024;h;0.51;0.010205382
clang++;-O3;bitset;0;1024;i;0.53;0.010310800
clang++;-O3;bitset;1;1024;i;0.55;0.009442376
clang++;-O3;bitset;2;1024;i;0.50;0.009578491
clang++;-O3;bitset;3;1024;i;0.45;0.009534118
clang++;-O3;bitset;4;1024;i;0.52;0.009595903
clang++;-O3;bitset;5;1024;i;0.46;0.009602946
clang++;-O3;bitset;6;1024;i;0.47;0.009609869
clang++;-O3;bitset;7;1024;i;0.41;0.009521484
clang++;-O3;bitset;8;1024;i;0.39;0.009884662
clang++;-O3;bitset;9;1024;i;0.43;0.009627311
clang++;-O3;bitset;0;2048;g;4.99;0.115801450
clang++;-O3;bitset;1;2048;g;5.30;0.107330872
clang++;-O3;bitset;2;2048;g;5.06;0.113143230
clang++;-O3;bitset;3;2048;g;6.01;0.121549888
clang++;-O3;bitset;4;2048;g;5.68;0.119379300
clang++;-O3;bitset;5;2048;g;5.62;0.114661398
clang++;-O3;bitset;6;2048;g;5.92;0.121203581
clang++;-O3;bitset;7;2048;g;6.09;0.127430565
clang++;-O3;bitset;8;2048;g;5.86;0.124376354
clang++;-O3;bitset;9;2048;g;5.56;0.112195067
clang++;-O3;bitset;0;2048;h;0.74;0.013900151
clang++;-O3;bitset;1;2048;h;0.72;0.013531261
clang++;-O3;bitset;2;2048;h;0.67;0.013503219
clang++;-O3;bitset;3;2048;h;0.63;0.013888960
clang++;-O3;bitset;4;2048;h;0.66;0.014131183
clang++;-O3;bitset;5;2048;h;0.60;0.013511674
clang++;-O3;bitset;6;2048;h;0.63;0.013578700
clang++;-O3;bitset;7;2048;h;0.59;0.013543344
clang++;-O3;bitset;8;2048;h;0.62;0.014351766
clang++;-O3;bitset;9;2048;h;0.63;0.013633533
clang++;-O3;bitset;0;2048;i;0.58;0.012355834
clang++;-O3;bitset;1;2048;i;0.67;0.012918215
clang++;-O3;bitset;2;2048;i;0.69;0.012649252
clang++;-O3;bitset;3;2048;i;0.61;0.012711348
clang++;-O3;bitset;4;2048;i;0.68;0.012795185
clang++;-O3;bitset;5;2048;i;0.54;0.012517896
clang++;-O3;bitset;6;2048;i;0.61;0.014020946
clang++;-O3;bitset;7;2048;i;0.58;0.012660273
clang++;-O3;bitset;8;2048;i;0.53;0.012327611
clang++;-O3;bitset;9;2048;i;0.55;0.012291804
clang++;-O3;bvector;0;512;g;4.36;0.109055797
clang++;-O3;bvector;1;512;g;4.63;0.106396203
clang++;-O3;bvector;2;512;g;5.28;0.105273835
clang++;-O3;bvector;3;512;g;5.34;0.102656060
clang++;-O3;bvector;4;512;g;5.29;0.107457719
clang++;-O3;bvector;5;512;g;5.34;0.102336452
clang++;-O3;bvector;6;512;g;5.08;0.096893746
clang++;-O3;bvector;7;512;g;5.28;0.109784720
clang++;-O3;bvector;8;512;g;4.34;0.096075145
clang++;-O3;bvector;9;512;g;4.93;0.099379153
clang++;-O3;bvector;0;512;h;0.37;0.007352397
clang++;-O3;bvector;1;512;h;0.46;0.007116336
clang++;-O3;bvector;2;512;h;0.38;0.007180416
clang++;-O3;bvector;3;512;h;0.38;0.007055713
clang++;-O3;bvector;4;512;h;0.38;0.007022240
clang++;-O3;bvector;5;512;h;0.35;0.007062496
clang++;-O3;bvector;6;512;h;0.30;0.007421446
clang++;-O3;bvector;7;512;h;0.30;0.006978969
clang++;-O3;bvector;8;512;h;0.31;0.007459117
clang++;-O3;bvector;9;512;h;0.33;0.006899231
clang++;-O3;bvector;0;512;i;0.36;0.006874455
clang++;-O3;bvector;1;512;i;0.33;0.006915632
clang++;-O3;bvector;2;512;i;0.31;0.006961628
clang++;-O3;bvector;3;512;i;0.32;0.007016670
clang++;-O3;bvector;4;512;i;0.33;0.006906785
clang++;-O3;bvector;5;512;i;0.34;0.006889322
clang++;-O3;bvector;6;512;i;0.28;0.006852222
clang++;-O3;bvector;7;512;i;0.34;0.006872560
clang++;-O3;bvector;8;512;i;0.33;0.006954675
clang++;-O3;bvector;9;512;i;0.35;0.006899110
clang++;-O3;bvector;0;1024;g;5.09;0.105358072
clang++;-O3;bvector;1;1024;g;4.98;0.115819824
clang++;-O3;bvector;2;1024;g;5.48;0.115806590
clang++;-O3;bvector;3;1024;g;5.30;0.103503234
clang++;-O3;bvector;4;1024;g;5.25;0.113333295
clang++;-O3;bvector;5;1024;g;5.62;0.110735327
clang++;-O3;bvector;6;1024;g;5.20;0.111394379
clang++;-O3;bvector;7;1024;g;5.78;0.108004050
clang++;-O3;bvector;8;1024;g;5.45;0.108376637
clang++;-O3;bvector;9;1024;g;5.42;0.111731981
clang++;-O3;bvector;0;1024;h;0.46;0.010193270
clang++;-O3;bvector;1;1024;h;0.49;0.010081260
clang++;-O3;bvector;2;1024;h;0.44;0.010022591
clang++;-O3;bvector;3;1024;h;0.44;0.010102870
clang++;-O3;bvector;4;1024;h;0.47;0.010055532
clang++;-O3;bvector;5;1024;h;0.48;0.010055823
clang++;-O3;bvector;6;1024;h;0.45;0.010089465
clang++;-O3;bvector;7;1024;h;0.50;0.010481028
clang++;-O3;bvector;8;1024;h;0.59;0.010570596
clang++;-O3;bvector;9;1024;h;0.54;0.010316981
clang++;-O3;bvector;0;1024;i;0.55;0.010181698
clang++;-O3;bvector;1;1024;i;0.49;0.010101859
clang++;-O3;bvector;2;1024;i;0.43;0.009897887
clang++;-O3;bvector;3;1024;i;0.48;0.009691522
clang++;-O3;bvector;4;1024;i;0.49;0.010253112
clang++;-O3;bvector;5;1024;i;0.39;0.009717720
clang++;-O3;bvector;6;1024;i;0.44;0.009885925
clang++;-O3;bvector;7;1024;i;0.47;0.009847784
clang++;-O3;bvector;8;1024;i;0.48;0.009794885
clang++;-O3;bvector;9;1024;i;0.51;0.010283278
clang++;-O3;bvector;0;2048;g;4.86;0.115565238
clang++;-O3;bvector;1;2048;g;4.99;0.117629288
clang++;-O3;bvector;2;2048;g;5.09;0.117274875
clang++;-O3;bvector;3;2048;g;6.08;0.112839661
clang++;-O3;bvector;4;2048;g;5.51;0.109074281
clang++;-O3;bvector;5;2048;g;5.79;0.118039525
clang++;-O3;bvector;6;2048;g;5.04;0.104551103
clang++;-O3;bvector;7;2048;g;5.53;0.110774911
clang++;-O3;bvector;8;2048;g;6.26;0.112450764
clang++;-O3;bvector;9;2048;g;5.75;0.107410640
clang++;-O3;bvector;0;2048;h;0.76;0.013862972
clang++;-O3;bvector;1;2048;h;0.69;0.013476859
clang++;-O3;bvector;2;2048;h;0.62;0.013319455
clang++;-O3;bvector;3;2048;h;0.58;0.013443518
clang++;-O3;bvector;4;2048;h;0.58;0.013433459
clang++;-O3;bvector;5;2048;h;0.66;0.013220701
clang++;-O3;bvector;6;2048;h;0.61;0.013448908
clang++;-O3;bvector;7;2048;h;0.71;0.013301201
clang++;-O3;bvector;8;2048;h;0.60;0.013026428
clang++;-O3;bvector;9;2048;h;0.59;0.013306180
clang++;-O3;bvector;0;2048;i;0.66;0.012737908
clang++;-O3;bvector;1;2048;i;0.67;0.012609278
clang++;-O3;bvector;2;2048;i;0.65;0.012560717
clang++;-O3;bvector;3;2048;i;0.65;0.012846391
clang++;-O3;bvector;4;2048;i;0.61;0.012444019
clang++;-O3;bvector;5;2048;i;0.64;0.013334834
clang++;-O3;bvector;6;2048;i;0.60;0.013039242
clang++;-O3;bvector;7;2048;i;0.60;0.012752956
clang++;-O3;bvector;8;2048;i;0.62;0.013131754
clang++;-O3;bvector;9;2048;i;0.57;0.012871889
clang++;-O3;cvector;0;512;g;4.33;0.099047132
clang++;-O3;cvector;1;512;g;4.27;0.096488197
clang++;-O3;cvector;2;512;g;4.34;0.089804399
clang++;-O3;cvector;3;512;g;5.32;0.097278805
clang++;-O3;cvector;4;512;g;4.80;0.097937608
clang++;-O3;cvector;5;512;g;4.76;0.093816973
clang++;-O3;cvector;6;512;g;5.09;0.099390133
clang++;-O3;cvector;7;512;g;4.75;0.095152129
clang++;-O3;cvector;8;512;g;4.24;0.091788620
clang++;-O3;cvector;9;512;g;5.07;0.101254660
clang++;-O3;cvector;0;512;h;0.21;0.004011891
clang++;-O3;cvector;1;512;h;0.23;0.004023934
clang++;-O3;cvector;2;512;h;0.23;0.003764669
clang++;-O3;cvector;3;512;h;0.16;0.003592287
clang++;-O3;cvector;4;512;h;0.20;0.003662759
clang++;-O3;cvector;5;512;h;0.20;0.003666946
clang++;-O3;cvector;6;512;h;0.18;0.003658611
clang++;-O3;cvector;7;512;h;0.15;0.003649845
clang++;-O3;cvector;8;512;h;0.16;0.003600462
clang++;-O3;cvector;9;512;h;0.23;0.004510654
clang++;-O3;cvector;0;512;i;0.18;0.003635328
clang++;-O3;cvector;1;512;i;0.14;0.003560147
clang++;-O3;cvector;2;512;i;0.17;0.004708465
clang++;-O3;cvector;3;512;i;0.14;0.003546321
clang++;-O3;cvector;4;512;i;0.15;0.003672156
clang++;-O3;cvector;5;512;i;0.18;0.003564685
clang++;-O3;cvector;6;512;i;0.13;0.003577559
clang++;-O3;cvector;7;512;i;0.18;0.003540289
clang++;-O3;cvector;8;512;i;0.18;0.003608878
clang++;-O3;cvector;9;512;i;0.19;0.003668549
clang++;-O3;cvector;0;1024;g;4.50;0.090224255
clang++;-O3;cvector;1;1024;g;4.43;0.094700995
clang++;-O3;cvector;2;1024;g;4.78;0.101476315
clang++;-O3;cvector;3;1024;g;5.06;0.098274397
clang++;-O3;cvector;4;1024;g;4.92;0.102034458
clang++;-O3;cvector;5;1024;g;5.20;0.105637866
clang++;-O3;cvector;6;1024;g;5.28;0.101340681
clang++;-O3;cvector;7;1024;g;5.25;0.101331343
clang++;-O3;cvector;8;1024;g;4.16;0.090871285
clang++;-O3;cvector;9;1024;g;4.78;0.096613872
clang++;-O3;cvector;0;1024;h;0.21;0.004440492
clang++;-O3;cvector;1;1024;h;0.23;0.004266568
clang++;-O3;cvector;2;1024;h;0.25;0.004286074
clang++;-O3;cvector;3;1024;h;0.30;0.004431767
clang++;-O3;cvector;4;1024;h;0.23;0.004341328
clang++;-O3;cvector;5;1024;h;0.27;0.004306753
clang++;-O3;cvector;6;1024;h;0.20;0.004291043
clang++;-O3;cvector;7;1024;h;0.18;0.004205814
clang++;-O3;cvector;8;1024;h;0.18;0.004106088
clang++;-O3;cvector;9;1024;h;0.19;0.004090558
clang++;-O3;cvector;0;1024;i;0.21;0.003916133
clang++;-O3;cvector;1;1024;i;0.18;0.003846522
clang++;-O3;cvector;2;1024;i;0.17;0.003847254
clang++;-O3;cvector;3;1024;i;0.18;0.003839880
clang++;-O3;cvector;4;1024;i;0.18;0.003875977
clang++;-O3;cvector;5;1024;i;0.20;0.003854407
clang++;-O3;cvector;6;1024;i;0.20;0.003974902
clang++;-O3;cvector;7;1024;i;0.18;0.003972298
clang++;-O3;cvector;8;1024;i;0.18;0.003882128
clang++;-O3;cvector;9;1024;i;0.17;0.003941991
clang++;-O3;cvector;0;2048;g;4.62;0.093113808
clang++;-O3;cvector;1;2048;g;4.20;0.094874340
clang++;-O3;cvector;2;2048;g;4.40;0.100910536
clang++;-O3;cvector;3;2048;g;5.66;0.105824545
clang++;-O3;cvector;4;2048;g;4.99;0.100130177
clang++;-O3;cvector;5;2048;g;4.96;0.101608742
clang++;-O3;cvector;6;2048;g;5.16;0.100184910
clang++;-O3;cvector;7;2048;g;5.03;0.097398510
clang++;-O3;cvector;8;2048;g;4.77;0.105887292
clang++;-O3;cvector;9;2048;g;4.85;0.098232379
clang++;-O3;cvector;0;2048;h;0.25;0.004896505
clang++;-O3;cvector;1;2048;h;0.29;0.005053870
clang++;-O3;cvector;2;2048;h;0.27;0.005294570
clang++;-O3;cvector;3;2048;h;0.29;0.005179265
clang++;-O3;cvector;4;2048;h;0.23;0.004933374
clang++;-O3;cvector;5;2048;h;0.27;0.005215072
clang++;-O3;cvector;6;2048;h;0.24;0.004838717
clang++;-O3;cvector;7;2048;h;0.28;0.005327401
clang++;-O3;cvector;8;2048;h;0.22;0.004776912
clang++;-O3;cvector;9;2048;h;0.22;0.004708845
clang++;-O3;cvector;0;2048;i;0.22;0.004392192
clang++;-O3;cvector;1;2048;i;0.23;0.004434221
clang++;-O3;cvector;2;2048;i;0.18;0.004254435
clang++;-O3;cvector;3;2048;i;0.19;0.004344433
clang++;-O3;cvector;4;2048;i;0.21;0.004275144
clang++;-O3;cvector;5;2048;i;0.22;0.004264344
clang++;-O3;cvector;6;2048;i;0.19;0.004268041
clang++;-O3;cvector;7;2048;i;0.20;0.004318365
clang++;-O3;cvector;8;2048;i;0.27;0.004392804
clang++;-O3;cvector;9;2048;i;0.20;0.004301744
clang++;-O3;string;0;512;g;3.77;0.094181884
clang++;-O3;string;1;512;g;3.98;0.089358366
clang++;-O3;string;2;512;g;4.68;0.099454093
clang++;-O3;string;3;512;g;4.76;0.091960822
clang++;-O3;string;4;512;g;4.81;0.095768101
clang++;-O3;string;5;512;g;4.95;0.099702558
clang++;-O3;string;6;512;g;4.35;0.083778653
clang++;-O3;string;7;512;g;4.39;0.087042315
clang++;-O3;string;8;512;g;4.75;0.097117364
clang++;-O3;string;9;512;g;5.35;0.105012767
clang++;-O3;string;0;512;h;0.16;0.002483294
clang++;-O3;string;1;512;h;0.11;0.002490496
clang++;-O3;string;2;512;h;0.16;0.002484015
clang++;-O3;string;3;512;h;0.10;0.002460250
clang++;-O3;string;4;512;h;0.12;0.002682265
clang++;-O3;string;5;512;h;0.12;0.002387494
clang++;-O3;string;6;512;h;0.18;0.002430534
clang++;-O3;string;7;512;h;0.11;0.002435043
clang++;-O3;string;8;512;h;0.12;0.002605202
clang++;-O3;string;9;512;h;0.10;0.002507679
clang++;-O3;string;0;512;i;0.11;0.002324827
clang++;-O3;string;1;512;i;0.12;0.002552623
clang++;-O3;string;2;512;i;0.09;0.002481771
clang++;-O3;string;3;512;i;0.09;0.002413052
clang++;-O3;string;4;512;i;0.14;0.002486660
clang++;-O3;string;5;512;i;0.09;0.002514752
clang++;-O3;string;6;512;i;0.10;0.002473865
clang++;-O3;string;7;512;i;0.16;0.002513870
clang++;-O3;string;8;512;i;0.13;0.003124513
clang++;-O3;string;9;512;i;0.09;0.002464318
clang++;-O3;string;0;1024;g;3.87;0.090524957
clang++;-O3;string;1;1024;g;4.18;0.095101053
clang++;-O3;string;2;1024;g;3.93;0.088911119
clang++;-O3;string;3;1024;g;4.79;0.093092308
clang++;-O3;string;4;1024;g;4.77;0.094110942
clang++;-O3;string;5;1024;g;4.61;0.090679596
clang++;-O3;string;6;1024;g;4.54;0.084918755
clang++;-O3;string;7;1024;g;4.79;0.096568277
clang++;-O3;string;8;1024;g;5.48;0.103693260
clang++;-O3;string;9;1024;g;5.08;0.096795201
clang++;-O3;string;0;1024;h;0.15;0.003393225
clang++;-O3;string;1;1024;h;0.23;0.003350675
clang++;-O3;string;2;1024;h;0.15;0.003210243
clang++;-O3;string;3;1024;h;0.23;0.003220672
clang++;-O3;string;4;1024;h;0.16;0.003323053
clang++;-O3;string;5;1024;h;0.17;0.003307384
clang++;-O3;string;6;1024;h;0.16;0.003061414
clang++;-O3;string;7;1024;h;0.15;0.003093885
clang++;-O3;string;8;1024;h;0.16;0.003064240
clang++;-O3;string;9;1024;h;0.15;0.003060092
clang++;-O3;string;0;1024;i;0.15;0.002863835
clang++;-O3;string;1;1024;i;0.14;0.002952932
clang++;-O3;string;2;1024;i;0.15;0.002812268
clang++;-O3;string;3;1024;i;0.13;0.002909681
clang++;-O3;string;4;1024;i;0.09;0.002774287
clang++;-O3;string;5;1024;i;0.14;0.002821325
clang++;-O3;string;6;1024;i;0.15;0.002752266
clang++;-O3;string;7;1024;i;0.13;0.002801749
clang++;-O3;string;8;1024;i;0.13;0.002794846
clang++;-O3;string;9;1024;i;0.13;0.002769719
clang++;-O3;string;0;2048;g;4.09;0.096355800
clang++;-O3;string;1;2048;g;4.26;0.095316867
clang++;-O3;string;2;2048;g;4.22;0.093886713
clang++;-O3;string;3;2048;g;4.87;0.094382530
clang++;-O3;string;4;2048;g;5.03;0.099558328
clang++;-O3;string;5;2048;g;4.77;0.096621336
clang++;-O3;string;6;2048;g;5.18;0.098976850
clang++;-O3;string;7;2048;g;4.58;0.090531048
clang++;-O3;string;8;2048;g;4.96;0.093105432
clang++;-O3;string;9;2048;g;4.88;0.095399101
clang++;-O3;string;0;2048;h;0.20;0.003788894
clang++;-O3;string;1;2048;h;0.36;0.007686662
clang++;-O3;string;2;2048;h;0.15;0.003787943
clang++;-O3;string;3;2048;h;0.19;0.003999398
clang++;-O3;string;4;2048;h;0.23;0.003964503
clang++;-O3;string;5;2048;h;0.25;0.003945818
clang++;-O3;string;6;2048;h;0.24;0.003926923
clang++;-O3;string;7;2048;h;0.16;0.003664642
clang++;-O3;string;8;2048;h;0.21;0.003746085
clang++;-O3;string;9;2048;h;0.21;0.003773055
clang++;-O3;string;0;2048;i;0.15;0.003473805
clang++;-O3;string;1;2048;i;0.22;0.003500184
clang++;-O3;string;2;2048;i;0.22;0.003652670
clang++;-O3;string;3;2048;i;0.13;0.003392093
clang++;-O3;string;4;2048;i;0.18;0.003256910
clang++;-O3;string;5;2048;i;0.13;0.003287858
clang++;-O3;string;6;2048;i;0.13;0.003188832
clang++;-O3;string;7;2048;i;0.21;0.003233175
clang++;-O3;string;8;2048;i;0.15;0.003298157
clang++;-O3;string;9;2048;i;0.18;0.003186318
g++;-O2;bitset;0;512;g;5.00;0.123569115
g++;-O2;bitset;1;512;g;5.43;0.122363280
g++;-O2;bitset;2;512;g;6.46;0.129436506
g++;-O2;bitset;3;512;g;5.77;0.122270275
g++;-O2;bitset;4;512;g;6.70;0.135398504
g++;-O2;bitset;5;512;g;5.86;0.122018024
g++;-O2;bitset;6;512;g;6.39;0.128477973
g++;-O2;bitset;7;512;g;5.74;0.121732901
g++;-O2;bitset;8;512;g;6.57;0.127394988
g++;-O2;bitset;9;512;g;5.86;0.121807420
g++;-O2;bitset;0;512;h;1.11;0.023269010
g++;-O2;bitset;1;512;h;1.06;0.023377883
g++;-O2;bitset;2;512;h;1.24;0.023842351
g++;-O2;bitset;3;512;h;1.28;0.023262677
g++;-O2;bitset;4;512;h;1.25;0.023504209
g++;-O2;bitset;5;512;h;1.20;0.022969880
g++;-O2;bitset;6;512;h;1.15;0.023531350
g++;-O2;bitset;7;512;h;1.06;0.023063375
g++;-O2;bitset;8;512;h;1.10;0.023602493
g++;-O2;bitset;9;512;h;1.17;0.023186425
g++;-O2;bitset;0;512;i;0.84;0.019757865
g++;-O2;bitset;1;512;i;0.91;0.019445520
g++;-O2;bitset;2;512;i;0.85;0.019298726
g++;-O2;bitset;3;512;i;0.85;0.019479774
g++;-O2;bitset;4;512;i;0.85;0.019463603
g++;-O2;bitset;5;512;i;0.89;0.019225378
g++;-O2;bitset;6;512;i;0.88;0.019391709
g++;-O2;bitset;7;512;i;0.85;0.019611841
g++;-O2;bitset;8;512;i;0.86;0.019606321
g++;-O2;bitset;9;512;i;0.90;0.019594929
g++;-O2;bitset;0;1024;g;5.50;0.125526544
g++;-O2;bitset;1;1024;g;5.74;0.127591805
g++;-O2;bitset;2;1024;g;6.76;0.137145871
g++;-O2;bitset;3;1024;g;6.18;0.131578751
g++;-O2;bitset;4;1024;g;6.41;0.129648251
g++;-O2;bitset;5;1024;g;6.23;0.127507909
g++;-O2;bitset;6;1024;g;6.59;0.131909499
g++;-O2;bitset;7;1024;g;5.94;0.126487190
g++;-O2;bitset;8;1024;g;6.53;0.127692694
g++;-O2;bitset;9;1024;g;6.51;0.139076771
g++;-O2;bitset;0;1024;h;1.51;0.032969618
g++;-O2;bitset;1;1024;h;1.79;0.032068593
g++;-O2;bitset;2;1024;h;1.71;0.033800732
g++;-O2;bitset;3;1024;h;1.72;0.033022186
g++;-O2;bitset;4;1024;h;1.59;0.032572886
g++;-O2;bitset;5;1024;h;1.47;0.032217271
g++;-O2;bitset;6;1024;h;1.47;0.032021626
g++;-O2;bitset;7;1024;h;1.48;0.032819937
g++;-O2;bitset;8;1024;h;1.55;0.033222661
g++;-O2;bitset;9;1024;h;1.46;0.032387018
g++;-O2;bitset;0;1024;i;1.21;0.025595229
g++;-O2;bitset;1;1024;i;1.24;0.026336666
g++;-O2;bitset;2;1024;i;1.17;0.026230367
g++;-O2;bitset;3;1024;i;1.21;0.026209658
g++;-O2;bitset;4;1024;i;1.26;0.026250895
g++;-O2;bitset;5;1024;i;1.18;0.026406156
g++;-O2;bitset;6;1024;i;1.18;0.025719381
g++;-O2;bitset;7;1024;i;1.17;0.026126061
g++;-O2;bitset;8;1024;i;1.16;0.026130590
g++;-O2;bitset;9;1024;i;1.18;0.026290058
g++;-O2;bitset;0;2048;g;6.08;0.138918065
g++;-O2;bitset;1;2048;g;6.05;0.140288286
g++;-O2;bitset;2;2048;g;7.19;0.136742476
g++;-O2;bitset;3;2048;g;6.13;0.140712470
g++;-O2;bitset;4;2048;g;7.47;0.140557589
g++;-O2;bitset;5;2048;g;5.88;0.132398433
g++;-O2;bitset;6;2048;g;6.80;0.130409795
g++;-O2;bitset;7;2048;g;6.32;0.141424140
g++;-O2;bitset;8;2048;g;7.23;0.140274831
g++;-O2;bitset;9;2048;g;6.20;0.140214018
g++;-O2;bitset;0;2048;h;2.24;0.042206960
g++;-O2;bitset;1;2048;h;2.03;0.041690835
g++;-O2;bitset;2;2048;h;1.85;0.041272654
g++;-O2;bitset;3;2048;h;1.95;0.041347544
g++;-O2;bitset;4;2048;h;2.07;0.041850313
g++;-O2;bitset;5;2048;h;2.18;0.042805079
g++;-O2;bitset;6;2048;h;1.89;0.042580509
g++;-O2;bitset;7;2048;h;1.91;0.042513493
g++;-O2;bitset;8;2048;h;1.91;0.043325141
g++;-O2;bitset;9;2048;h;1.90;0.042273194
g++;-O2;bitset;0;2048;i;1.49;0.031917421
g++;-O2;bitset;1;2048;i;1.45;0.032076417
g++;-O2;bitset;2;2048;i;1.44;0.032002890
g++;-O2;bitset;3;2048;i;1.53;0.032474983
g++;-O2;bitset;4;2048;i;1.59;0.032732574
g++;-O2;bitset;5;2048;i;1.47;0.032057693
g++;-O2;bitset;6;2048;i;1.46;0.032112926
g++;-O2;bitset;7;2048;i;1.49;0.032445588
g++;-O2;bitset;8;2048;i;1.50;0.032612941
g++;-O2;bitset;9;2048;i;1.47;0.032400483
g++;-O2;bvector;0;512;g;5.66;0.128867401
g++;-O2;bvector;1;512;g;5.56;0.125391622
g++;-O2;bvector;2;512;g;6.17;0.124677086
g++;-O2;bvector;3;512;g;6.26;0.131909970
g++;-O2;bvector;4;512;g;6.64;0.135870836
g++;-O2;bvector;5;512;g;6.33;0.137034051
g++;-O2;bvector;6;512;g;6.78;0.130456522
g++;-O2;bvector;7;512;g;5.48;0.118226415
g++;-O2;bvector;8;512;g;6.78;0.130432628
g++;-O2;bvector;9;512;g;5.58;0.124340296
g++;-O2;bvector;0;512;h;1.73;0.030428978
g++;-O2;bvector;1;512;h;1.57;0.030841128
g++;-O2;bvector;2;512;h;1.58;0.030617140
g++;-O2;bvector;3;512;h;1.51;0.030911068
g++;-O2;bvector;4;512;h;1.49;0.029690957
g++;-O2;bvector;5;512;h;1.35;0.030738436
g++;-O2;bvector;6;512;h;1.33;0.030278586
g++;-O2;bvector;7;512;h;1.37;0.029587013
g++;-O2;bvector;8;512;h;1.31;0.030525137
g++;-O2;bvector;9;512;h;1.35;0.030001638
g++;-O2;bvector;0;512;i;1.31;0.029165254
g++;-O2;bvector;1;512;i;1.33;0.029000867
g++;-O2;bvector;2;512;i;1.33;0.028720262
g++;-O2;bvector;3;512;i;1.34;0.028813988
g++;-O2;bvector;4;512;i;1.32;0.028747914
g++;-O2;bvector;5;512;i;1.38;0.029982091
g++;-O2;bvector;6;512;i;1.41;0.029772860
g++;-O2;bvector;7;512;i;1.44;0.029613562
g++;-O2;bvector;8;512;i;1.32;0.028859533
g++;-O2;bvector;9;512;i;1.29;0.029369746
g++;-O2;bvector;0;1024;g;6.69;0.144752574
g++;-O2;bvector;1;1024;g;6.01;0.129300180
g++;-O2;bvector;2;1024;g;7.34;0.135347248
g++;-O2;bvector;3;1024;g;5.93;0.130252120
g++;-O2;bvector;4;1024;g;7.01;0.137188390
g++;-O2;bvector;5;1024;g;5.83;0.130088364
g++;-O2;bvector;6;1024;g;8.17;0.145585612
g++;-O2;bvector;7;1024;g;6.87;0.139460428
g++;-O2;bvector;8;1024;g;7.01;0.133003535
g++;-O2;bvector;9;1024;g;6.07;0.133332159
g++;-O2;bvector;0;1024;h;2.26;0.041145485
g++;-O2;bvector;1;1024;h;2.11;0.041214745
g++;-O2;bvector;2;1024;h;1.83;0.041088569
g++;-O2;bvector;3;1024;h;1.88;0.041148421
g++;-O2;bvector;4;1024;h;2.00;0.040934861
g++;-O2;bvector;5;1024;h;2.11;0.040725560
g++;-O2;bvector;6;1024;h;1.94;0.040700112
g++;-O2;bvector;7;1024;h;1.84;0.041930013
g++;-O2;bvector;8;1024;h;1.82;0.041046100
g++;-O2;bvector;9;1024;h;1.84;0.040703439
g++;-O2;bvector;0;1024;i;2.53;0.043071026
g++;-O2;bvector;1;1024;i;1.64;0.037812233
g++;-O2;bvector;2;1024;i;1.70;0.037983312
g++;-O2;bvector;3;1024;i;1.68;0.037377239
g++;-O2;bvector;4;1024;i;1.72;0.037689553
g++;-O2;bvector;5;1024;i;1.72;0.037922739
g++;-O2;bvector;6;1024;i;1.63;0.037507714
g++;-O2;bvector;7;1024;i;1.71;0.038172366
g++;-O2;bvector;8;1024;i;1.71;0.037218492
g++;-O2;bvector;9;1024;i;1.65;0.037351141
g++;-O2;bvector;0;2048;g;6.63;0.146892966
g++;-O2;bvector;1;2048;g;6.02;0.136840490
g++;-O2;bvector;2;2048;g;8.09;0.150384314
g++;-O2;bvector;3;2048;g;7.32;0.146777541
g++;-O2;bvector;4;2048;g;7.88;0.146185012
g++;-O2;bvector;5;2048;g;6.68;0.149524186
g++;-O2;bvector;6;2048;g;7.89;0.144963138
g++;-O2;bvector;7;2048;g;7.43;0.149508447
g++;-O2;bvector;8;2048;g;6.84;0.147585571
g++;-O2;bvector;9;2048;g;7.72;0.149723098
g++;-O2;bvector;0;2048;h;2.72;0.052391854
g++;-O2;bvector;1;2048;h;2.45;0.052266049
g++;-O2;bvector;2;2048;h;2.73;0.052309230
g++;-O2;bvector;3;2048;h;2.38;0.052462015
g++;-O2;bvector;4;2048;h;2.63;0.055232055
g++;-O2;bvector;5;2048;h;2.61;0.052174548
g++;-O2;bvector;6;2048;h;2.67;0.051708476
g++;-O2;bvector;7;2048;h;2.75;0.052349986
g++;-O2;bvector;8;2048;h;2.50;0.052530062
g++;-O2;bvector;9;2048;h;2.35;0.052162245
g++;-O2;bvector;0;2048;i;2.02;0.044070464
g++;-O2;bvector;1;2048;i;2.00;0.045578955
g++;-O2;bvector;2;2048;i;2.04;0.045096743
g++;-O2;bvector;3;2048;i;2.03;0.044892662
g++;-O2;bvector;4;2048;i;2.15;0.044656219
g++;-O2;bvector;5;2048;i;2.10;0.045730799
g++;-O2;bvector;6;2048;i;2.20;0.047586148
g++;-O2;bvector;7;2048;i;2.00;0.045058151
g++;-O2;bvector;8;2048;i;2.14;0.045330541
g++;-O2;bvector;9;2048;i;2.05;0.044694662
g++;-O2;cvector;0;512;g;4.75;0.106411132
g++;-O2;cvector;1;512;g;4.72;0.102559920
g++;-O2;cvector;2;512;g;5.27;0.102725951
g++;-O2;cvector;3;512;g;5.56;0.104335009
g++;-O2;cvector;4;512;g;4.95;0.107930121
g++;-O2;cvector;5;512;g;5.55;0.105396805
g++;-O2;cvector;6;512;g;5.32;0.101558438
g++;-O2;cvector;7;512;g;5.29;0.108652602
g++;-O2;cvector;8;512;g;4.50;0.101839724
g++;-O2;cvector;9;512;g;5.42;0.104254318
g++;-O2;cvector;0;512;h;0.59;0.011102550
g++;-O2;cvector;1;512;h;0.62;0.011495726
g++;-O2;cvector;2;512;h;0.62;0.011279671
g++;-O2;cvector;3;512;h;0.58;0.011071802
g++;-O2;cvector;4;512;h;0.50;0.010883410
g++;-O2;cvector;5;512;h;0.53;0.010890604
g++;-O2;cvector;6;512;h;0.49;0.010998255
g++;-O2;cvector;7;512;h;0.54;0.010726718
g++;-O2;cvector;8;512;h;0.55;0.010873232
g++;-O2;cvector;9;512;h;0.57;0.010912204
g++;-O2;cvector;0;512;i;0.53;0.010174054
g++;-O2;cvector;1;512;i;0.60;0.010327621
g++;-O2;cvector;2;512;i;0.59;0.010724653
g++;-O2;cvector;3;512;i;0.50;0.010188822
g++;-O2;cvector;4;512;i;0.49;0.010337359
g++;-O2;cvector;5;512;i;0.53;0.010760801
g++;-O2;cvector;6;512;i;0.49;0.010219969
g++;-O2;cvector;7;512;i;0.46;0.010031227
g++;-O2;cvector;8;512;i;0.52;0.011339473
g++;-O2;cvector;9;512;i;0.58;0.010797119
g++;-O2;cvector;0;1024;g;4.55;0.108658935
g++;-O2;cvector;1;1024;g;4.85;0.107379151
g++;-O2;cvector;2;1024;g;4.65;0.106481323
g++;-O2;cvector;3;1024;g;5.58;0.106868968
g++;-O2;cvector;4;1024;g;5.59;0.109474109
g++;-O2;cvector;5;1024;g;5.10;0.100385715
g++;-O2;cvector;6;1024;g;5.72;0.110715951
g++;-O2;cvector;7;1024;g;5.22;0.116482463
g++;-O2;cvector;8;1024;g;5.68;0.108946663
g++;-O2;cvector;9;1024;g;5.80;0.113986266
g++;-O2;cvector;0;1024;h;0.72;0.014335315
g++;-O2;cvector;1;1024;h;0.78;0.014056223
g++;-O2;cvector;2;1024;h;0.79;0.014949272
g++;-O2;cvector;3;1024;h;0.92;0.018213466
g++;-O2;cvector;4;1024;h;0.76;0.014786609
g++;-O2;cvector;5;1024;h;0.64;0.014507026
g++;-O2;cvector;6;1024;h;0.66;0.014352968
g++;-O2;cvector;7;1024;h;0.69;0.015355201
g++;-O2;cvector;8;1024;h;0.64;0.014312142
g++;-O2;cvector;9;1024;h;0.64;0.013934626
g++;-O2;cvector;0;1024;i;0.56;0.012312212
g++;-O2;cvector;1;1024;i;0.59;0.011831684
g++;-O2;cvector;2;1024;i;0.66;0.012070089
g++;-O2;cvector;3;1024;i;0.72;0.012312993
g++;-O2;cvector;4;1024;i;0.88;0.013118890
g++;-O2;cvector;5;1024;i;0.65;0.012376552
g++;-O2;cvector;6;1024;i;0.62;0.011916772
g++;-O2;cvector;7;1024;i;0.65;0.012394275
g++;-O2;cvector;8;1024;i;0.63;0.012131875
g++;-O2;cvector;9;1024;i;0.64;0.012358068
g++;-O2;cvector;0;2048;g;5.71;0.106647263
g++;-O2;cvector;1;2048;g;5.50;0.107899114
g++;-O2;cvector;2;2048;g;6.33;0.110192862
g++;-O2;cvector;3;2048;g;6.49;0.117237304
g++;-O2;cvector;4;2048;g;5.97;0.114046167
g++;-O2;cvector;5;2048;g;4.80;0.102355397
g++;-O2;cvector;6;2048;g;5.80;0.114092715
g++;-O2;cvector;7;2048;g;5.30;0.107637344
g++;-O2;cvector;8;2048;g;5.11;0.107190258
g++;-O2;cvector;9;2048;g;5.84;0.106049396
g++;-O2;cvector;0;2048;h;1.04;0.019094563
g++;-O2;cvector;1;2048;h;1.00;0.018535298
g++;-O2;cvector;2;2048;h;0.96;0.018842843
g++;-O2;cvector;3;2048;h;0.97;0.017999326
g++;-O2;cvector;4;2048;h;1.01;0.019591243
g++;-O2;cvector;5;2048;h;0.85;0.018592405
g++;-O2;cvector;6;2048;h;0.87;0.019002141
g++;-O2;cvector;7;2048;h;0.87;0.018416466
g++;-O2;cvector;8;2048;h;0.90;0.018689657
g++;-O2;cvector;9;2048;h;0.89;0.019095566
g++;-O2;cvector;0;2048;i;0.65;0.014267648
g++;-O2;cvector;1;2048;i;0.69;0.014040033
g++;-O2;cvector;2;2048;i;0.61;0.013738648
g++;-O2;cvector;3;2048;i;0.71;0.013618184
g++;-O2;cvector;4;2048;i;0.68;0.013884772
g++;-O2;cvector;5;2048;i;0.81;0.014317041
g++;-O2;cvector;6;2048;i;0.81;0.014121165
g++;-O2;cvector;7;2048;i;0.69;0.013674028
g++;-O2;cvector;8;2048;i;0.67;0.013826924
g++;-O2;cvector;9;2048;i;0.68;0.013686892
g++;-O2;string;0;512;g;4.91;0.100417344
g++;-O2;string;1;512;g;5.75;0.107270849
g++;-O2;string;2;512;g;5.09;0.099507242
g++;-O2;string;3;512;g;5.59;0.108394841
g++;-O2;string;4;512;g;5.03;0.099611377
g++;-O2;string;5;512;g;4.81;0.097664667
g++;-O2;string;6;512;g;5.61;0.105945030
g++;-O2;string;7;512;g;5.71;0.101007498
g++;-O2;string;8;512;g;5.01;0.097922329
g++;-O2;string;9;512;g;5.95;0.110554449
g++;-O2;string;0;512;h;0.43;0.008205803
g++;-O2;string;1;512;h;0.49;0.007808220
g++;-O2;string;2;512;h;0.42;0.008007763
g++;-O2;string;3;512;h;0.43;0.008030485
g++;-O2;string;4;512;h;0.45;0.008147574
g++;-O2;string;5;512;h;0.43;0.008701731
g++;-O2;string;6;512;h;0.45;0.008688867
g++;-O2;string;7;512;h;0.40;0.007799183
g++;-O2;string;8;512;h;0.45;0.008210392
g++;-O2;string;9;512;h;0.46;0.008157663
g++;-O2;string;0;512;i;0.37;0.007250538
g++;-O2;string;1;512;i;0.45;0.007107160
g++;-O2;string;2;512;i;0.61;0.009500344
g++;-O2;string;3;512;i;0.43;0.007332000
g++;-O2;string;4;512;i;0.46;0.007977687
g++;-O2;string;5;512;i;0.34;0.007459017
g++;-O2;string;6;512;i;0.46;0.008108782
g++;-O2;string;7;512;i;0.36;0.007458066
g++;-O2;string;8;512;i;0.41;0.007674650
g++;-O2;string;9;512;i;0.41;0.008064910
g++;-O2;string;0;1024;g;4.46;0.097680847
g++;-O2;string;1;1024;g;4.62;0.099922429
g++;-O2;string;2;1024;g;5.00;0.109331312
g++;-O2;string;3;1024;g;5.79;0.107614872
g++;-O2;string;4;1024;g;5.67;0.108433743
g++;-O2;string;5;1024;g;5.98;0.111428253
g++;-O2;string;6;1024;g;5.56;0.098229193
g++;-O2;string;7;1024;g;5.24;0.098355358
g++;-O2;string;8;1024;g;4.97;0.101511140
g++;-O2;string;9;1024;g;5.39;0.106150314
g++;-O2;string;0;1024;h;0.59;0.011152563
g++;-O2;string;1;1024;h;0.78;0.013378306
g++;-O2;string;2;1024;h;0.60;0.011034362
g++;-O2;string;3;1024;h;0.64;0.011359591
g++;-O2;string;4;1024;h;0.59;0.010874854
g++;-O2;string;5;1024;h;0.58;0.010905752
g++;-O2;string;6;1024;h;0.56;0.010713262
g++;-O2;string;7;1024;h;0.53;0.010739101
g++;-O2;string;8;1024;h;0.53;0.011160057
g++;-O2;string;9;1024;h;0.54;0.010807838
g++;-O2;string;0;1024;i;0.42;0.008796899
g++;-O2;string;1;1024;i;0.41;0.008538396
g++;-O2;string;2;1024;i;0.42;0.008416176
g++;-O2;string;3;1024;i;0.39;0.008692354
g++;-O2;string;4;1024;i;0.44;0.008647309
g++;-O2;string;5;1024;i;0.37;0.008474657
g++;-O2;string;6;1024;i;0.47;0.008777803
g++;-O2;string;7;1024;i;0.45;0.009024375
g++;-O2;string;8;1024;i;0.44;0.008479275
g++;-O2;string;9;1024;i;0.45;0.008761703
g++;-O2;string;0;2048;g;4.71;0.109714208
g++;-O2;string;1;2048;g;4.33;0.098378011
g++;-O2;string;2;2048;g;5.63;0.107609322
g++;-O2;string;3;2048;g;5.44;0.104989684
g++;-O2;string;4;2048;g;5.51;0.108494146
g++;-O2;string;5;2048;g;5.06;0.108213662
g++;-O2;string;6;2048;g;5.52;0.107924702
g++;-O2;string;7;2048;g;4.95;0.099188096
g++;-O2;string;8;2048;g;4.58;0.098193717
g++;-O2;string;9;2048;g;5.39;0.107461916
g++;-O2;string;0;2048;h;0.87;0.016391189
g++;-O2;string;1;2048;h;0.88;0.015502778
g++;-O2;string;2;2048;h;0.82;0.015483833
g++;-O2;string;3;2048;h;0.78;0.015236540
g++;-O2;string;4;2048;h;0.85;0.016060110
g++;-O2;string;5;2048;h;0.94;0.015716498
g++;-O2;string;6;2048;h;0.89;0.015422007
g++;-O2;string;7;2048;h;0.88;0.015789404
g++;-O2;string;8;2048;h;0.85;0.016051003
g++;-O2;string;9;2048;h;0.85;0.015800434
g++;-O2;string;0;2048;i;0.54;0.010283599
g++;-O2;string;1;2048;i;0.46;0.010876898
g++;-O2;string;2;2048;i;0.45;0.010659812
g++;-O2;string;3;2048;i;0.54;0.011362025
g++;-O2;string;4;2048;i;0.48;0.010374429
g++;-O2;string;5;2048;i;0.46;0.010585022
g++;-O2;string;6;2048;i;0.52;0.010918075
g++;-O2;string;7;2048;i;0.49;0.010526002
g++;-O2;string;8;2048;i;0.50;0.010533436
g++;-O2;string;9;2048;i;0.53;0.010678678
g++;-O3;bitset;0;512;g;4.42;0.104079692
g++;-O3;bitset;1;512;g;4.75;0.106420539
g++;-O3;bitset;2;512;g;5.46;0.110752118
g++;-O3;bitset;3;512;g;6.06;0.115741708
g++;-O3;bitset;4;512;g;5.68;0.111157477
g++;-O3;bitset;5;512;g;4.98;0.107628087
g++;-O3;bitset;6;512;g;5.89;0.114079611
g++;-O3;bitset;7;512;g;4.92;0.099496352
g++;-O3;bitset;8;512;g;4.95;0.107195658
g++;-O3;bitset;9;512;g;5.85;0.108018607
g++;-O3;bitset;0;512;h;0.25;0.004768095
g++;-O3;bitset;1;512;h;0.30;0.004850400
g++;-O3;bitset;2;512;h;0.31;0.006119573
g++;-O3;bitset;3;512;h;0.29;0.004916864
g++;-O3;bitset;4;512;h;0.30;0.005122538
g++;-O3;bitset;5;512;h;0.22;0.004763187
g++;-O3;bitset;6;512;h;0.21;0.004579774
g++;-O3;bitset;7;512;h;0.18;0.004660734
g++;-O3;bitset;8;512;h;0.22;0.004663500
g++;-O3;bitset;9;512;h;0.18;0.004400258
g++;-O3;bitset;0;512;i;0.18;0.004157504
g++;-O3;bitset;1;512;i;0.18;0.004221614
g++;-O3;bitset;2;512;i;0.23;0.004240269
g++;-O3;bitset;3;512;i;0.23;0.004426967
g++;-O3;bitset;4;512;i;0.24;0.004341678
g++;-O3;bitset;5;512;i;0.20;0.004382925
g++;-O3;bitset;6;512;i;0.20;0.004379960
g++;-O3;bitset;7;512;i;0.25;0.004517677
g++;-O3;bitset;8;512;i;0.24;0.004389417
g++;-O3;bitset;9;512;i;0.20;0.004207668
g++;-O3;bitset;0;1024;g;5.37;0.110891048
g++;-O3;bitset;1;1024;g;4.66;0.106909954
g++;-O3;bitset;2;1024;g;5.42;0.110395762
g++;-O3;bitset;3;1024;g;5.65;0.109136738
g++;-O3;bitset;4;1024;g;5.82;0.117983500
g++;-O3;bitset;5;1024;g;5.25;0.114287710
g++;-O3;bitset;6;1024;g;5.75;0.110517991
g++;-O3;bitset;7;1024;g;5.10;0.111224632
g++;-O3;bitset;8;1024;g;5.91;0.116620913
g++;-O3;bitset;9;1024;g;5.59;0.114317045
g++;-O3;bitset;0;1024;h;0.28;0.005521594
g++;-O3;bitset;1;1024;h;0.32;0.005745964
g++;-O3;bitset;2;1024;h;0.28;0.005766813
g++;-O3;bitset;3;1024;h;0.35;0.006537484
g++;-O3;bitset;4;1024;h;0.26;0.005592918
g++;-O3;bitset;5;1024;h;0.29;0.005746304
g++;-O3;bitset;6;1024;h;0.28;0.005822958
g++;-O3;bitset;7;1024;h;0.34;0.006177010
g++;-O3;bitset;8;1024;h;0.41;0.006710558
g++;-O3;bitset;9;1024;h;0.36;0.005804444
g++;-O3;bitset;0;1024;i;0.27;0.005456052
g++;-O3;bitset;1;1024;i;0.24;0.004969191
g++;-O3;bitset;2;1024;i;0.21;0.004844648
g++;-O3;bitset;3;1024;i;0.26;0.004822477
g++;-O3;bitset;4;1024;i;0.25;0.004871459
g++;-O3;bitset;5;1024;i;0.30;0.005247783
g++;-O3;bitset;6;1024;i;0.26;0.005015248
g++;-O3;bitset;7;1024;i;0.27;0.005067515
g++;-O3;bitset;8;1024;i;0.24;0.005091851
g++;-O3;bitset;9;1024;i;0.29;0.005764469
g++;-O3;bitset;0;2048;g;4.69;0.108097174
g++;-O3;bitset;1;2048;g;5.25;0.108344917
g++;-O3;bitset;2;2048;g;4.87;0.112518371
g++;-O3;bitset;3;2048;g;5.61;0.111272090
g++;-O3;bitset;4;2048;g;5.48;0.115732721
g++;-O3;bitset;5;2048;g;5.63;0.112416341
g++;-O3;bitset;6;2048;g;5.27;0.105264237
g++;-O3;bitset;7;2048;g;5.03;0.116149140
g++;-O3;bitset;8;2048;g;5.96;0.117114465
g++;-O3;bitset;9;2048;g;5.90;0.110778247
g++;-O3;bitset;0;2048;h;0.38;0.007858394
g++;-O3;bitset;1;2048;h;0.35;0.006743129
g++;-O3;bitset;2;2048;h;0.26;0.006622012
g++;-O3;bitset;3;2048;h;0.40;0.006819121
g++;-O3;bitset;4;2048;h;0.47;0.009205814
g++;-O3;bitset;5;2048;h;0.30;0.006728201
g++;-O3;bitset;6;2048;h;0.36;0.006725155
g++;-O3;bitset;7;2048;h;0.36;0.006846201
g++;-O3;bitset;8;2048;h;0.37;0.006944044
g++;-O3;bitset;9;2048;h;0.34;0.006656897
g++;-O3;bitset;0;2048;i;0.34;0.005563803
g++;-O3;bitset;1;2048;i;0.26;0.005590574
g++;-O3;bitset;2;2048;i;0.31;0.005512688
g++;-O3;bitset;3;2048;i;0.33;0.006742357
g++;-O3;bitset;4;2048;i;0.22;0.005523208
g++;-O3;bitset;5;2048;i;0.22;0.005504252
g++;-O3;bitset;6;2048;i;0.22;0.005445733
g++;-O3;bitset;7;2048;i;0.27;0.005562390
g++;-O3;bitset;8;2048;i;0.26;0.005588860
g++;-O3;bitset;9;2048;i;0.26;0.005532596
g++;-O3;bvector;0;512;g;4.38;0.105627006
g++;-O3;bvector;1;512;g;4.63;0.102378872
g++;-O3;bvector;2;512;g;5.30;0.109463770
g++;-O3;bvector;3;512;g;5.56;0.104910516
g++;-O3;bvector;4;512;g;4.96;0.101946914
g++;-O3;bvector;5;512;g;4.96;0.106224232
g++;-O3;bvector;6;512;g;5.18;0.103003179
g++;-O3;bvector;7;512;g;5.17;0.097828092
g++;-O3;bvector;8;512;g;4.47;0.092427815
g++;-O3;bvector;9;512;g;5.12;0.102118054
g++;-O3;bvector;0;512;h;0.37;0.006478213
g++;-O3;bvector;1;512;h;0.30;0.004910582
g++;-O3;bvector;2;512;h;0.23;0.004589532
g++;-O3;bvector;3;512;h;0.28;0.004566890
g++;-O3;bvector;4;512;h;0.20;0.004576958
g++;-O3;bvector;5;512;h;0.25;0.004635247
g++;-O3;bvector;6;512;h;0.23;0.004569274
g++;-O3;bvector;7;512;h;0.18;0.004600282
g++;-O3;bvector;8;512;h;0.22;0.004611512
g++;-O3;bvector;9;512;h;0.17;0.004563574
g++;-O3;bvector;0;512;i;0.23;0.004496678
g++;-O3;bvector;1;512;i;0.24;0.004507568
g++;-O3;bvector;2;512;i;0.20;0.004414004
g++;-O3;bvector;3;512;i;0.20;0.004552372
g++;-O3;bvector;4;512;i;0.23;0.004906213
g++;-O3;bvector;5;512;i;0.23;0.004407762
g++;-O3;bvector;6;512;i;0.22;0.004463707
g++;-O3;bvector;7;512;i;0.25;0.004458627
g++;-O3;bvector;8;512;i;0.20;0.004411769
g++;-O3;bvector;9;512;i;0.20;0.004487481
g++;-O3;bvector;0;1024;g;5.37;0.107797384
g++;-O3;bvector;1;1024;g;4.41;0.097380024
g++;-O3;bvector;2;1024;g;5.54;0.108398779
g++;-O3;bvector;3;1024;g;5.43;0.105742161
g++;-O3;bvector;4;1024;g;4.81;0.101277673
g++;-O3;bvector;5;1024;g;5.15;0.100411182
g++;-O3;bvector;6;1024;g;5.27;0.100984254
g++;-O3;bvector;7;1024;g;4.77;0.095282212
g++;-O3;bvector;8;1024;g;4.35;0.098617409
g++;-O3;bvector;9;1024;g;5.51;0.108687578
g++;-O3;bvector;0;1024;h;0.32;0.005587848
g++;-O3;bvector;1;1024;h;0.30;0.005559495
g++;-O3;bvector;2;1024;h;0.41;0.006569925
g++;-O3;bvector;3;1024;h;0.30;0.005699728
g++;-O3;bvector;4;1024;h;0.32;0.005729222
g++;-O3;bvector;5;1024;h;0.27;0.005750672
g++;-O3;bvector;6;1024;h;0.22;0.005483904
g++;-O3;bvector;7;1024;h;0.23;0.005398014
g++;-O3;bvector;8;1024;h;0.27;0.005415797
g++;-O3;bvector;9;1024;h;0.27;0.005430154
g++;-O3;bvector;0;1024;i;0.22;0.005142256
g++;-O3;bvector;1;1024;i;0.27;0.005263472
g++;-O3;bvector;2;1024;i;0.22;0.005143237
g++;-O3;bvector;3;1024;i;0.22;0.005187049
g++;-O3;bvector;4;1024;i;0.22;0.005023163
g++;-O3;bvector;5;1024;i;0.23;0.005066664
g++;-O3;bvector;6;1024;i;0.25;0.005128209
g++;-O3;bvector;7;1024;i;0.26;0.005149839
g++;-O3;bvector;8;1024;i;0.26;0.005139039
g++;-O3;bvector;9;1024;i;0.30;0.005171901
g++;-O3;bvector;0;2048;g;5.09;0.103694912
g++;-O3;bvector;1;2048;g;5.02;0.111581479
g++;-O3;bvector;2;2048;g;5.28;0.109557415
g++;-O3;bvector;3;2048;g;5.45;0.105558437
g++;-O3;bvector;4;2048;g;4.78;0.104024198
g++;-O3;bvector;5;2048;g;5.37;0.096456157
g++;-O3;bvector;6;2048;g;5.40;0.109085593
g++;-O3;bvector;7;2048;g;4.82;0.097045480
g++;-O3;bvector;8;2048;g;4.54;0.103510588
g++;-O3;bvector;9;2048;g;5.18;0.103630963
g++;-O3;bvector;0;2048;h;0.46;0.008158786
g++;-O3;bvector;1;2048;h;0.42;0.007696541
g++;-O3;bvector;2;2048;h;0.45;0.007528327
g++;-O3;bvector;3;2048;h;0.38;0.007392312
g++;-O3;bvector;4;2048;h;0.37;0.007435192
g++;-O3;bvector;5;2048;h;0.31;0.007442446
g++;-O3;bvector;6;2048;h;0.30;0.007359071
g++;-O3;bvector;7;2048;h;0.35;0.007270205
g++;-O3;bvector;8;2048;h;0.30;0.007256468
g++;-O3;bvector;9;2048;h;0.32;0.007232423
g++;-O3;bvector;0;2048;i;0.28;0.005967619
g++;-O3;bvector;1;2048;i;0.22;0.005699978
g++;-O3;bvector;2;2048;i;0.31;0.005739712
g++;-O3;bvector;3;2048;i;0.29;0.005726478
g++;-O3;bvector;4;2048;i;0.25;0.005712422
g++;-O3;bvector;5;2048;i;0.30;0.005726888
g++;-O3;bvector;6;2048;i;0.25;0.005684328
g++;-O3;bvector;7;2048;i;0.33;0.005812719
g++;-O3;bvector;8;2048;i;0.25;0.005757606
g++;-O3;bvector;9;2048;i;0.30;0.005933124
g++;-O3;cvector;0;512;g;4.08;0.100863028
g++;-O3;cvector;1;512;g;4.60;0.099384443
g++;-O3;cvector;2;512;g;4.78;0.097583715
g++;-O3;cvector;3;512;g;5.17;0.101465524
g++;-O3;cvector;4;512;g;5.05;0.101621055
g++;-O3;cvector;5;512;g;5.48;0.092581903
g++;-O3;cvector;6;512;g;5.22;0.101081246
g++;-O3;cvector;7;512;g;5.25;0.108361198
g++;-O3;cvector;8;512;g;4.38;0.098978874
g++;-O3;cvector;9;512;g;5.48;0.106432392
g++;-O3;cvector;0;512;h;0.21;0.003723142
g++;-O3;cvector;1;512;h;0.19;0.003612835
g++;-O3;cvector;2;512;h;0.20;0.003561299
g++;-O3;cvector;3;512;h;0.16;0.003607826
g++;-O3;cvector;4;512;h;0.17;0.003613948
g++;-O3;cvector;5;512;h;0.18;0.003625339
g++;-O3;cvector;6;512;h;0.21;0.003682746
g++;-O3;cvector;7;512;h;0.21;0.003708104
g++;-O3;cvector;8;512;h;0.17;0.003713443
g++;-O3;cvector;9;512;h;0.13;0.003633544
g++;-O3;cvector;0;512;i;0.18;0.003505365
g++;-O3;cvector;1;512;i;0.13;0.003621942
g++;-O3;cvector;2;512;i;0.21;0.003720126
g++;-O3;cvector;3;512;i;0.20;0.003601835
g++;-O3;cvector;4;512;i;0.13;0.003646288
g++;-O3;cvector;5;512;i;0.18;0.003588600
g++;-O3;cvector;6;512;i;0.13;0.003579453
g++;-O3;cvector;7;512;i;0.14;0.003623735
g++;-O3;cvector;8;512;i;0.17;0.003625409
g++;-O3;cvector;9;512;i;0.18;0.003641298
g++;-O3;cvector;0;1024;g;4.76;0.096899938
g++;-O3;cvector;1;1024;g;4.20;0.092970410
g++;-O3;cvector;2;1024;g;4.49;0.104157207
g++;-O3;cvector;3;1024;g;4.88;0.093451730
g++;-O3;cvector;4;1024;g;4.96;0.098044276
g++;-O3;cvector;5;1024;g;4.98;0.097290648
g++;-O3;cvector;6;1024;g;5.24;0.096284616
g++;-O3;cvector;7;1024;g;4.78;0.101271130
g++;-O3;cvector;8;1024;g;5.37;0.107645310
g++;-O3;cvector;9;1024;g;5.38;0.104012457
g++;-O3;cvector;0;1024;h;0.27;0.004263632
g++;-O3;cvector;1;1024;h;0.27;0.004935689
g++;-O3;cvector;2;1024;h;0.24;0.004594200
g++;-O3;cvector;3;1024;h;0.29;0.004329085
g++;-O3;cvector;4;1024;h;0.20;0.004705688
g++;-O3;cvector;5;1024;h;0.20;0.004296093
g++;-O3;cvector;6;1024;h;0.21;0.004091260
g++;-O3;cvector;7;1024;h;0.19;0.004192950
g++;-O3;cvector;8;1024;h;0.21;0.004104294
g++;-O3;cvector;9;1024;h;0.25;0.004619919
g++;-O3;cvector;0;1024;i;0.20;0.004032690
g++;-O3;cvector;1;1024;i;0.21;0.004385960
g++;-O3;cvector;2;1024;i;0.21;0.004205543
g++;-O3;cvector;3;1024;i;0.19;0.004034534
g++;-O3;cvector;4;1024;i;0.17;0.003945046
g++;-O3;cvector;5;1024;i;0.18;0.003856030
g++;-O3;cvector;6;1024;i;0.18;0.004030467
g++;-O3;cvector;7;1024;i;0.18;0.004165850
g++;-O3;cvector;8;1024;i;0.20;0.004063758
g++;-O3;cvector;9;1024;i;0.21;0.004143397
g++;-O3;cvector;0;2048;g;4.29;0.096579157
g++;-O3;cvector;1;2048;g;4.37;0.099021003
g++;-O3;cvector;2;2048;g;4.59;0.096449786
g++;-O3;cvector;3;2048;g;5.47;0.102472707
g++;-O3;cvector;4;2048;g;5.15;0.107149813
g++;-O3;cvector;5;2048;g;5.42;0.101939440
g++;-O3;cvector;6;2048;g;5.82;0.100151026
g++;-O3;cvector;7;2048;g;4.97;0.102948426
g++;-O3;cvector;8;2048;g;4.37;0.098137331
g++;-O3;cvector;9;2048;g;5.09;0.102608742
g++;-O3;cvector;0;2048;h;0.26;0.004905873
g++;-O3;cvector;1;2048;h;0.30;0.005151252
g++;-O3;cvector;2;2048;h;0.28;0.005122909
g++;-O3;cvector;3;2048;h;0.29;0.005223628
g++;-O3;cvector;4;2048;h;0.28;0.005111818
g++;-O3;cvector;5;2048;h;0.28;0.004999799
g++;-O3;cvector;6;2048;h;0.25;0.004912896
g++;-O3;cvector;7;2048;h;0.23;0.005057096
g++;-O3;cvector;8;2048;h;0.29;0.005850559
g++;-O3;cvector;9;2048;h;0.23;0.005224729
g++;-O3;cvector;0;2048;i;0.18;0.004404876
g++;-O3;cvector;1;2048;i;0.17;0.004503471
g++;-O3;cvector;2;2048;i;0.22;0.004267941
g++;-O3;cvector;3;2048;i;0.19;0.004412050
g++;-O3;cvector;4;2048;i;0.20;0.004327522
g++;-O3;cvector;5;2048;i;0.25;0.004427338
g++;-O3;cvector;6;2048;i;0.20;0.004516936
g++;-O3;cvector;7;2048;i;0.20;0.004616702
g++;-O3;cvector;8;2048;i;0.19;0.004559425
g++;-O3;cvector;9;2048;i;0.28;0.004333162
g++;-O3;string;0;512;g;4.02;0.097085905
g++;-O3;string;1;512;g;4.37;0.098644028
g++;-O3;string;2;512;g;5.27;0.099442392
g++;-O3;string;3;512;g;5.23;0.102644459
g++;-O3;string;4;512;g;4.80;0.094568598
g++;-O3;string;5;512;g;4.97;0.102535905
g++;-O3;string;6;512;g;4.76;0.090377862
g++;-O3;string;7;512;g;5.43;0.101584146
g++;-O3;string;8;512;g;4.47;0.093316167
g++;-O3;string;9;512;g;4.76;0.095200840
g++;-O3;string;0;512;h;0.16;0.002309529
g++;-O3;string;1;512;h;0.12;0.002397833
g++;-O3;string;2;512;h;0.11;0.002330648
g++;-O3;string;3;512;h;0.10;0.002303978
g++;-O3;string;4;512;h;0.10;0.002265987
g++;-O3;string;5;512;h;0.12;0.002341829
g++;-O3;string;6;512;h;0.15;0.002303928
g++;-O3;string;7;512;h;0.10;0.002318455
g++;-O3;string;8;512;h;0.14;0.002386362
g++;-O3;string;9;512;h;0.16;0.002309378
g++;-O3;string;0;512;i;0.09;0.002427158
g++;-O3;string;1;512;i;0.09;0.002367356
g++;-O3;string;2;512;i;0.09;0.002249095
g++;-O3;string;3;512;i;0.16;0.002338934
g++;-O3;string;4;512;i;0.10;0.002277749
g++;-O3;string;5;512;i;0.10;0.002311182
g++;-O3;string;6;512;i;0.11;0.002557762
g++;-O3;string;7;512;i;0.18;0.002474958
g++;-O3;string;8;512;i;0.11;0.002444962
g++;-O3;string;9;512;i;0.16;0.002524641
g++;-O3;string;0;1024;g;4.49;0.098087217
g++;-O3;string;1;1024;g;4.27;0.097625093
g++;-O3;string;2;1024;g;4.92;0.099735529
g++;-O3;string;3;1024;g;4.80;0.091494950
g++;-O3;string;4;1024;g;5.30;0.100314492
g++;-O3;string;5;1024;g;4.44;0.087601922
g++;-O3;string;6;1024;g;5.04;0.100402897
g++;-O3;string;7;1024;g;5.57;0.103778378
g++;-O3;string;8;1024;g;4.77;0.097119408
g++;-O3;string;9;1024;g;5.05;0.100152619
g++;-O3;string;0;1024;h;0.16;0.003095819
g++;-O3;string;1;1024;h;0.23;0.003309097
g++;-O3;string;2;1024;h;0.15;0.003144369
g++;-O3;string;3;1024;h;0.16;0.002986254
g++;-O3;string;4;1024;h;0.16;0.002884073
g++;-O3;string;5;1024;h;0.16;0.002951519
g++;-O3;string;6;1024;h;0.15;0.002988267
g++;-O3;string;7;1024;h;0.15;0.002874765
g++;-O3;string;8;1024;h;0.14;0.002924488
g++;-O3;string;9;1024;h;0.20;0.003682376
g++;-O3;string;0;1024;i;0.09;0.002794895
g++;-O3;string;1;1024;i;0.13;0.002707322
g++;-O3;string;2;1024;i;0.09;0.002716119
g++;-O3;string;3;1024;i;0.11;0.002674822
g++;-O3;string;4;1024;i;0.13;0.002720206
g++;-O3;string;5;1024;i;0.14;0.002735796
g++;-O3;string;6;1024;i;0.14;0.002724625
g++;-O3;string;7;1024;i;0.11;0.002711900
g++;-O3;string;8;1024;i;0.09;0.002667217
g++;-O3;string;9;1024;i;0.14;0.002741005
g++;-O3;string;0;2048;g;4.91;0.105776876
g++;-O3;string;1;2048;g;4.14;0.091934543
g++;-O3;string;2;2048;g;4.18;0.094584648
g++;-O3;string;3;2048;g;5.08;0.096442953
g++;-O3;string;4;2048;g;5.41;0.106929852
g++;-O3;string;5;2048;g;5.29;0.101674765
g++;-O3;string;6;2048;g;4.95;0.092362263
g++;-O3;string;7;2048;g;4.97;0.098337795
g++;-O3;string;8;2048;g;4.96;0.103618019
g++;-O3;string;9;2048;g;4.88;0.097253809
g++;-O3;string;0;2048;h;0.22;0.003664131
g++;-O3;string;1;2048;h;0.25;0.003931822
g++;-O3;string;2;2048;h;0.22;0.003742868
g++;-O3;string;3;2048;h;0.21;0.003774287
g++;-O3;string;4;2048;h;0.22;0.003683056
g++;-O3;string;5;2048;h;0.16;0.003651849
g++;-O3;string;6;2048;h;0.20;0.003684139
g++;-O3;string;7;2048;h;0.20;0.003832205
g++;-O3;string;8;2048;h;0.21;0.003958302
g++;-O3;string;9;2048;h;0.23;0.003962670
g++;-O3;string;0;2048;i;0.24;0.004089517
g++;-O3;string;1;2048;i;0.16;0.003203520
g++;-O3;string;2;2048;i;0.16;0.003249977
g++;-O3;string;3;2048;i;0.16;0.003305671
g++;-O3;string;4;2048;i;0.15;0.003159277
g++;-O3;string;5;2048;i;0.17;0.003277218
g++;-O3;string;6;2048;i;0.14;0.003378828
g++;-O3;string;7;2048;i;0.13;0.003208500
g++;-O3;string;8;2048;i;0.18;0.003134551
g++;-O3;string;9;2048;i;0.18;0.003266237
